"Time (s)","Latitude (°)","Longitude (°)","Height (m)","Velocity (m/s)","Direction (°)","Horizontal Accuracy (m)","Vertical Accuracy (m)"
0.000000000E0,6.502381480E1,2.549437470E1,1.563111638E1,NaN,NaN,7.759999847E1,6.476497173E0
0.000000000E0,6.501999470E1,2.548874880E1,1.353205513E1,NaN,NaN,5.516199875E1,3.626732349E0
3.981706249E0,6.502270145E1,2.549392171E1,1.326777143E-1,9.599999785E-1,2.398999939E2,5.795879841E0,8.492879868E0
4.965590259E0,6.502269246E1,2.549390270E1,5.392567130E0,9.700000286E-1,2.398000031E2,4.162705898E0,5.715352058E0
5.967192863E0,6.502269359E1,2.549390405E1,9.923694761E0,1.029999971E0,2.478999939E2,3.790092468E0,3.951948643E0
6.980861664E0,6.502268306E1,2.549390016E1,1.085710888E1,9.300000072E-1,2.523000031E2,3.790092468E0,3.374266386E0
7.983352706E0,6.502267892E1,2.549388463E1,1.120439917E1,8.999999762E-1,2.511000061E2,3.790092468E0,2.850722790E0
8.976246039E0,6.502267479E1,2.549386858E1,1.007933835E1,1.070000052E0,2.498000031E2,3.790092468E0,2.517631292E0
9.971154788E0,6.502266993E1,2.549385539E1,9.456292174E0,9.700000286E-1,2.491999969E2,3.790092468E0,2.500000000E0
1.097704734E1,6.502266516E1,2.549384056E1,9.230279528E0,1.009999990E0,2.510000000E2,3.790092468E0,2.500000000E0
1.197724224E1,6.502266155E1,2.549382936E1,8.762750639E0,9.300000072E-1,2.538000031E2,3.790092468E0,2.500000000E0
1.298336244E1,6.502265891E1,2.549381750E1,8.526971839E0,1.000000000E0,2.541999969E2,3.790092468E0,2.500000000E0
1.398992125E1,6.502265689E1,2.549380058E1,8.876702668E0,9.700000286E-1,2.508000031E2,3.790092468E0,2.500000000E0
1.498909875E1,6.502265328E1,2.549378232E1,8.817376345E0,9.800000191E-1,2.493999939E2,3.790092468E0,2.500000000E0
1.597694598E1,6.502264843E1,2.549376421E1,8.809442081E0,9.399999976E-1,2.481000061E2,3.790092468E0,2.500000000E0
1.698803947E1,6.502264562E1,2.549374523E1,8.707390805E0,9.599999785E-1,2.535000000E2,3.790092468E0,2.500000000E0
1.797567869E1,6.502264276E1,2.549372826E1,8.569145858E0,1.000000000E0,2.486000061E2,3.790092468E0,2.500000000E0
1.898582171E1,6.502263955E1,2.549371137E1,8.576897137E0,9.800000191E-1,2.511000061E2,3.790092468E0,2.500000000E0
1.998634161E1,6.502263711E1,2.549369647E1,8.467399762E0,9.300000072E-1,2.493000031E2,3.790092468E0,2.500000000E0
2.098297952E1,6.502263456E1,2.549368107E1,8.210868696E0,8.999999762E-1,2.508999939E2,3.790092468E0,2.500000000E0
2.198677280E1,6.502263238E1,2.549366512E1,8.501456594E0,9.200000167E-1,2.553000031E2,3.790092468E0,2.500000000E0
2.298636447E1,6.502263045E1,2.549364606E1,8.491018764E0,9.800000191E-1,2.576000061E2,3.790092468E0,2.500000000E0
2.398256041E1,6.502262858E1,2.549362509E1,8.617238477E0,9.800000191E-1,2.575000000E2,3.790092468E0,2.500000000E0
2.499065676E1,6.502262664E1,2.549360530E1,8.679737606E0,9.700000286E-1,2.548000031E2,3.790092468E0,2.500000000E0
2.598778364E1,6.502262480E1,2.549358480E1,8.508105782E0,9.100000262E-1,2.562000122E2,3.790092468E0,2.500000000E0
2.697275848E1,6.502262358E1,2.549356254E1,8.435045374E0,8.899999857E-1,2.541000061E2,3.790092468E0,2.500000000E0
2.798862645E1,6.502262272E1,2.549353838E1,8.522812323E0,1.009999990E0,2.617000122E2,3.790092468E0,2.500000000E0
2.898082869E1,6.502262067E1,2.549351190E1,8.341536547E0,1.059999943E0,2.578999939E2,3.790092468E0,2.500000000E0
2.998076978E1,6.502261865E1,2.549348804E1,8.483564190E0,9.700000286E-1,2.571000061E2,3.790092468E0,2.500000000E0
3.098061759E1,6.502261807E1,2.549346694E1,8.889812726E0,9.499999881E-1,2.618999939E2,3.790092468E0,2.500000000E0
3.198801811E1,6.502261790E1,2.549344514E1,9.079569360E0,9.300000072E-1,2.623999939E2,3.790092468E0,2.500000000E0
3.298270483E1,6.502261818E1,2.549342404E1,8.695778524E0,9.100000262E-1,2.636000061E2,3.790092468E0,2.500000000E0
3.398499848E1,6.502261692E1,2.549339955E1,8.920996762E0,1.039999962E0,2.558999939E2,3.790092468E0,2.500000000E0
3.498011525E1,6.502261724E1,2.549337816E1,8.803258135E0,9.800000191E-1,2.698999939E2,3.790092468E0,2.500000000E0
3.597050124E1,6.502261738E1,2.549335795E1,9.041598768E0,9.100000262E-1,2.633999939E2,3.790092468E0,2.500000000E0
3.697263447E1,6.502261485E1,2.549333698E1,9.271883660E0,9.900000095E-1,2.548999939E2,3.790092468E0,2.500000000E0
3.798261853E1,6.502261377E1,2.549331651E1,9.266816508E0,9.800000191E-1,2.643999939E2,3.790092468E0,2.500000000E0
3.898476254E1,6.502261380E1,2.549329619E1,9.404815375E0,1.000000000E0,2.708999939E2,3.790092468E0,2.500000000E0
3.998412889E1,6.502261365E1,2.549327329E1,9.342801895E0,9.700000286E-1,2.597000122E2,3.790092468E0,2.500000000E0
4.098177248E1,6.502261335E1,2.549325169E1,9.518276365E0,9.900000095E-1,2.678999939E2,3.790092468E0,2.500000000E0
4.198563275E1,6.502261159E1,2.549323035E1,9.665186928E0,9.700000286E-1,2.556999969E2,3.790092468E0,2.500000000E0
4.298314446E1,6.502260884E1,2.549320931E1,1.004683908E1,9.700000286E-1,2.597000122E2,3.790092468E0,2.500000000E0
4.398510842E1,6.502260694E1,2.549318770E1,1.003951383E1,9.499999881E-1,2.642999878E2,3.790092468E0,2.500000000E0
4.498465826E1,6.502260571E1,2.549316641E1,1.022927089E1,9.800000191E-1,2.650000000E2,3.790092468E0,2.500000000E0
4.598635332E1,6.502260539E1,2.549314574E1,1.024257503E1,9.800000191E-1,2.687999878E2,3.790092468E0,2.500000000E0
4.698729936E1,6.502260553E1,2.549312587E1,1.012599626E1,9.900000095E-1,2.662999878E2,3.790092468E0,2.500000000E0
4.797558056E1,6.502260500E1,2.549310327E1,1.067811868E1,1.039999962E0,2.636000061E2,3.790092468E0,2.500000000E0
4.897741691E1,6.502260480E1,2.549308024E1,1.068177904E1,1.019999981E0,2.652000122E2,3.790092468E0,2.500000000E0
4.998272748E1,6.502260541E1,2.549305697E1,1.081843469E1,9.800000191E-1,2.702000122E2,3.790092468E0,2.500000000E0
5.099506285E1,6.502260558E1,2.549303368E1,1.081037614E1,1.059999943E0,2.680000000E2,3.790092468E0,2.500000000E0
5.198448634E1,6.502260615E1,2.549300887E1,1.077350873E1,1.019999981E0,2.681000061E2,3.790092468E0,2.500000000E0
5.299811139E1,6.502260579E1,2.549298445E1,1.082788925E1,1.009999990E0,2.673999939E2,3.790092468E0,2.500000000E0
5.398449639E1,6.502260495E1,2.549296168E1,1.071027300E1,1.019999981E0,2.656000061E2,3.790092468E0,2.500000000E0
5.498742982E1,6.502260383E1,2.549293991E1,1.066425117E1,1.029999971E0,2.636000061E2,3.790092468E0,2.500000000E0
5.598794831E1,6.502260401E1,2.549291744E1,1.068133917E1,1.039999962E0,2.716000061E2,3.790092468E0,2.500000000E0
5.698809873E1,6.502260505E1,2.549289811E1,1.049145689E1,1.059999943E0,2.736000061E2,3.790092468E0,2.500000000E0
5.798667993E1,6.502260488E1,2.549287628E1,1.058789077E1,1.090000033E0,2.702999878E2,3.790092468E0,2.500000000E0
5.898258727E1,6.502260389E1,2.549285561E1,1.076336556E1,1.039999962E0,2.655000000E2,3.790092468E0,2.500000000E0
5.998765019E1,6.502260315E1,2.549283315E1,1.092168924E1,1.029999971E0,2.668999939E2,3.790092468E0,2.500000000E0
6.098689492E1,6.502260322E1,2.549281015E1,1.090392617E1,1.049999952E0,2.702999878E2,3.790092468E0,2.500000000E0
6.198577190E1,6.502260386E1,2.549278694E1,1.087212478E1,1.039999962E0,2.722999878E2,3.790092468E0,2.500000000E0
6.298889206E1,6.502260417E1,2.549276221E1,1.091167349E1,1.049999952E0,2.707000122E2,3.790092468E0,2.500000000E0
6.397366794E1,6.502260491E1,2.549273829E1,1.085887592E1,1.090000033E0,2.723999939E2,3.790092468E0,2.500000000E0
6.498237612E1,6.502260478E1,2.549271725E1,1.066679666E1,1.029999971E0,2.673999939E2,3.790092468E0,2.500000000E0
6.598630789E1,6.502260478E1,2.549269577E1,1.083769339E1,1.019999981E0,2.702000122E2,3.790092468E0,2.500000000E0
6.697190998E1,6.502260497E1,2.549267505E1,1.054673709E1,1.059999943E0,2.693999939E2,3.790092468E0,2.500000000E0
6.798523612E1,6.502260546E1,2.549265260E1,1.039494070E1,1.049999952E0,2.743999939E2,3.790092468E0,2.500000000E0
6.898721763E1,6.502260648E1,2.549263201E1,1.049125218E1,1.029999971E0,2.762000122E2,3.790092468E0,2.500000000E0
6.998509200E1,6.502260777E1,2.549260815E1,1.058615949E1,1.080000043E0,2.763999939E2,3.790092468E0,2.500000000E0
7.097104299E1,6.502260864E1,2.549258464E1,1.069827890E1,1.080000043E0,2.742999878E2,3.790092468E0,2.500000000E0
7.198236122E1,6.502260847E1,2.549256286E1,1.075870204E1,1.059999943E0,2.675000000E2,3.790092468E0,2.500000000E0
7.298673648E1,6.502260949E1,2.549254068E1,1.101529171E1,1.039999962E0,2.730000000E2,3.790092468E0,2.500000000E0
7.398552742E1,6.502261082E1,2.549251954E1,1.097061182E1,1.000000000E0,2.761000061E2,3.790092468E0,2.500000000E0
7.498160799E1,6.502261123E1,2.549249800E1,1.087032920E1,1.000000000E0,2.722999878E2,3.790092468E0,2.500000000E0
7.598541242E1,6.502261190E1,2.549247689E1,1.106466323E1,9.900000095E-1,2.755000000E2,3.790092468E0,2.500000000E0
7.698951810E1,6.502261315E1,2.549245790E1,1.060158754E1,9.900000095E-1,2.736000061E2,3.790092468E0,2.500000000E0
7.798922304E1,6.502261345E1,2.549243856E1,1.059279684E1,9.900000095E-1,2.657999878E2,3.790092468E0,2.500000000E0
7.897805716E1,6.502261492E1,2.549241902E1,1.058205257E1,1.029999971E0,2.727000122E2,3.790092468E0,2.500000000E0
7.998743882E1,6.502261764E1,2.549239886E1,1.043861737E1,1.019999981E0,2.780000000E2,3.790092468E0,2.500000000E0
8.097300778E1,6.502262086E1,2.549237874E1,1.018550183E1,1.009999990E0,2.772000122E2,3.790092468E0,2.500000000E0
8.198581757E1,6.502262180E1,2.549235735E1,1.029218924E1,1.039999962E0,2.751000061E2,3.790092468E0,2.500000000E0
8.298312231E1,6.502262200E1,2.549233535E1,1.005476067E1,1.049999952E0,2.727999878E2,3.790092468E0,2.500000000E0
8.397564216E1,6.502262251E1,2.549231365E1,9.994761207E0,1.029999971E0,2.737999878E2,3.790092468E0,2.500000000E0
8.498454387E1,6.502262260E1,2.549229229E1,1.014002315E1,1.039999962E0,2.748999939E2,3.790092468E0,2.500000000E0
8.598555861E1,6.502262309E1,2.549227076E1,1.049750418E1,1.059999943E0,2.772999878E2,3.790092468E0,2.500000000E0
8.697925716E1,6.502262438E1,2.549224870E1,1.032422316E1,1.059999943E0,2.807000122E2,3.790092468E0,2.500000000E0
8.799135512E1,6.502262676E1,2.549222984E1,1.023083701E1,1.059999943E0,2.801000061E2,3.790092468E0,2.500000000E0
8.898374616E1,6.502262896E1,2.549221004E1,1.017681854E1,1.059999943E0,2.782000122E2,3.790092468E0,2.500000000E0
8.997905278E1,6.502263022E1,2.549218846E1,1.030779782E1,1.000000000E0,2.755000000E2,3.790092468E0,2.500000000E0
9.098601309E1,6.502263072E1,2.549216701E1,1.029253715E1,1.039999962E0,2.716000061E2,3.790092468E0,2.500000000E0
9.198499788E1,6.502263186E1,2.549214301E1,1.021245671E1,1.080000043E0,2.747000122E2,3.790092468E0,2.500000000E0
9.298059444E1,6.502263357E1,2.549212134E1,1.009313064E1,1.029999971E0,2.795000000E2,3.790092468E0,2.500000000E0
9.398388533E1,6.502263560E1,2.549209926E1,1.014867015E1,1.039999962E0,2.826000061E2,3.790092468E0,2.500000000E0
9.498603934E1,6.502263621E1,2.549207573E1,1.002684190E1,1.090000033E0,2.760000000E2,3.790092468E0,2.500000000E0
9.598210220E1,6.502263674E1,2.549205442E1,1.016307048E1,1.019999981E0,2.767999878E2,3.790092468E0,2.500000000E0
9.698681976E1,6.502263505E1,2.549203240E1,1.037998829E1,1.039999962E0,2.652000122E2,3.790092468E0,2.500000000E0
9.798767012E1,6.502263453E1,2.549200977E1,1.015495007E1,1.080000043E0,2.682000122E2,3.790092468E0,2.500000000E0
9.898039892E1,6.502263564E1,2.549198881E1,1.003611255E1,1.080000043E0,2.756000061E2,3.790092468E0,2.500000000E0
9.997113444E1,6.502263733E1,2.549197163E1,9.466347398E0,1.019999981E0,2.785000000E2,3.790092468E0,2.500000000E0
1.009717805E2,6.502263911E1,2.549195283E1,9.372717336E0,1.019999981E0,2.793999939E2,3.790092468E0,2.500000000E0
1.019776556E2,6.502263976E1,2.549193218E1,8.935154429E0,1.049999952E0,2.756000061E2,3.790092468E0,2.500000000E0
1.029864086E2,6.502264027E1,2.549191200E1,8.793551082E0,1.000000000E0,2.726000061E2,3.790092468E0,2.500000000E0
1.039866412E2,6.502264021E1,2.549188950E1,8.460419437E0,1.029999971E0,2.718999939E2,3.790092468E0,2.500000000E0
1.049801543E2,6.502264135E1,2.549186745E1,8.376921183E0,1.049999952E0,2.785000000E2,3.790092468E0,2.500000000E0
1.059816734E2,6.502264312E1,2.549184534E1,8.026882170E0,1.019999981E0,2.823999939E2,3.790092468E0,2.500000000E0
1.069869336E2,6.502264545E1,2.549182141E1,8.043786170E0,1.080000043E0,2.842999878E2,3.790092468E0,2.500000000E0
1.079858391E2,6.502264729E1,2.549179816E1,7.967489717E0,1.080000043E0,2.815000000E2,3.790092468E0,2.500000000E0
1.089843329E2,6.502264899E1,2.549177472E1,7.604205995E0,1.070000052E0,2.791000061E2,3.790092468E0,2.500000000E0
1.099877427E2,6.502265017E1,2.549175087E1,7.491471744E0,1.049999952E0,2.783999939E2,3.790092468E0,2.500000000E0
1.109726997E2,6.502265073E1,2.549172817E1,7.883864761E0,1.049999952E0,2.758999939E2,3.790092468E0,2.500000000E0
1.119836705E2,6.502265106E1,2.549170572E1,8.402051338E0,1.039999962E0,2.735000000E2,3.790092468E0,2.500000000E0
1.129870580E2,6.502265182E1,2.549168221E1,8.270945684E0,1.090000033E0,2.726000061E2,3.790092468E0,2.500000000E0
1.139894703E2,6.502265268E1,2.549165981E1,8.578316644E0,1.029999971E0,2.717000122E2,3.790092468E0,2.500000000E0
1.149903530E2,6.502265424E1,2.549163781E1,8.699652226E0,1.049999952E0,2.757000122E2,3.790092468E0,2.500000000E0
1.159730864E2,6.502265508E1,2.549161603E1,8.800297169E0,1.039999962E0,2.777999878E2,3.790092468E0,2.500000000E0
1.169853397E2,6.502265519E1,2.549159184E1,8.766359664E0,1.090000033E0,2.728999939E2,3.790092468E0,2.500000000E0
1.179857319E2,6.502265659E1,2.549156754E1,8.851379204E0,1.110000014E0,2.790000000E2,3.790092468E0,2.500000000E0
1.189859208E2,6.502265823E1,2.549154437E1,9.173215153E0,1.059999943E0,2.782999878E2,3.790092468E0,2.500000000E0
1.199772120E2,6.502266055E1,2.549152178E1,8.914545531E0,1.049999952E0,2.822000122E2,3.790092468E0,2.500000000E0
1.209715017E2,6.502266302E1,2.549149901E1,9.374992052E0,1.090000033E0,2.857000122E2,3.790092468E0,2.500000000E0
1.219892924E2,6.502266510E1,2.549147670E1,9.539662382E0,1.049999952E0,2.813999939E2,3.790092468E0,2.500000000E0
1.229713285E2,6.502266628E1,2.549145470E1,9.392077203E0,1.019999981E0,2.737999878E2,3.790092468E0,2.500000000E0
1.239873410E2,6.502266744E1,2.549143087E1,9.240341496E0,1.070000052E0,2.751000061E2,3.790092468E0,2.500000000E0
1.249916326E2,6.502266971E1,2.549140640E1,9.168988637E0,1.120000005E0,2.803999939E2,3.790092468E0,2.500000000E0
1.259706227E2,6.502267195E1,2.549138267E1,8.778544051E0,1.110000014E0,2.807999878E2,3.790092468E0,2.500000000E0
1.269852521E2,6.502267330E1,2.549135861E1,8.556007475E0,1.090000033E0,2.781000061E2,3.790092468E0,2.500000000E0
1.279894893E2,6.502267402E1,2.549133463E1,8.279882266E0,1.129999995E0,2.723999939E2,3.790092468E0,2.500000000E0
1.289860320E2,6.502267499E1,2.549131109E1,8.538363935E0,1.049999952E0,2.725000000E2,3.790092468E0,2.500000000E0
1.299853598E2,6.502267594E1,2.549128722E1,8.523163945E0,1.049999952E0,2.736000061E2,3.790092468E0,2.500000000E0
1.309856722E2,6.502267657E1,2.549126224E1,8.444548454E0,1.120000005E0,2.740000000E2,3.790092468E0,2.500000000E0
1.319707230E2,6.502267811E1,2.549123812E1,8.109829188E0,1.110000014E0,2.787999878E2,3.790092468E0,2.500000000E0
1.329836202E2,6.502267930E1,2.549121483E1,7.865075933E0,1.070000052E0,2.781000061E2,3.790092468E0,2.500000000E0
1.339868164E2,6.502268076E1,2.549119294E1,7.979697693E0,1.059999943E0,2.803999939E2,3.790092468E0,2.500000000E0
1.349887749E2,6.502268200E1,2.549117005E1,7.928425897E0,1.059999943E0,2.783999939E2,3.790092468E0,2.500000000E0
1.359859205E2,6.502268182E1,2.549114667E1,7.845965612E0,1.080000043E0,2.721000061E2,3.790092468E0,2.500000000E0
1.369890142E2,6.502268165E1,2.549112444E1,7.778764203E0,1.039999962E0,2.737000122E2,3.790092468E0,2.500000000E0
1.379855468E2,6.502268271E1,2.549110148E1,7.622878209E0,1.080000043E0,2.752000122E2,3.790092468E0,2.500000000E0
1.389687608E2,6.502268345E1,2.549107849E1,7.414624165E0,1.090000033E0,2.765000000E2,3.790092468E0,2.500000000E0
1.399724437E2,6.502268450E1,2.549105598E1,7.357065847E0,1.029999971E0,2.758999939E2,3.790092468E0,2.500000000E0
1.409699785E2,6.502268525E1,2.549103296E1,7.141548613E0,1.059999943E0,2.755000000E2,3.790092468E0,2.500000000E0
1.419682142E2,6.502268606E1,2.549100846E1,7.213689931E0,1.080000043E0,2.760000000E2,3.790092468E0,2.500000000E0
1.429855697E2,6.502268650E1,2.549098367E1,6.949893860E0,1.000000000E0,2.726000061E2,3.790092468E0,2.500000000E0
1.439845464E2,6.502268713E1,2.549095946E1,6.916566516E0,1.039999962E0,2.758999939E2,3.790092468E0,2.500000000E0
1.449704052E2,6.502268830E1,2.549093258E1,6.820555660E0,1.159999967E0,2.743999939E2,3.790092468E0,2.500000000E0
1.459884181E2,6.502268888E1,2.549090589E1,6.831234485E0,1.120000005E0,2.711000061E2,3.790092468E0,2.500000000E0
1.469822490E2,6.502269017E1,2.549088194E1,6.935113955E0,1.029999971E0,2.766000061E2,3.790092468E0,2.500000000E0
1.479814317E2,6.502269343E1,2.549085624E1,6.971853900E0,1.059999943E0,2.820000000E2,3.790092468E0,2.500000000E0
1.489798854E2,6.502269539E1,2.549083010E1,6.721790082E0,1.029999971E0,2.777000122E2,3.790092468E0,2.500000000E0
1.499826339E2,6.502269693E1,2.549080469E1,6.535325107E0,1.019999981E0,2.742999878E2,3.790092468E0,2.500000000E0
1.509723971E2,6.502269695E1,2.549077842E1,6.215010515E0,1.049999952E0,2.695000000E2,3.790092468E0,2.500000000E0
1.519691700E2,6.502269646E1,2.549075061E1,6.237957705E0,1.080000043E0,2.721000061E2,3.790092468E0,2.500000000E0
1.529689982E2,6.502269742E1,2.549072727E1,6.308756287E0,1.049999952E0,2.810000000E2,3.790092468E0,2.500000000E0
1.539836387E2,6.502270012E1,2.549070828E1,6.145606831E0,1.029999971E0,2.801000061E2,3.790092468E0,2.500000000E0
1.549712918E2,6.502270353E1,2.549068702E1,6.160740628E0,1.059999943E0,2.831000061E2,3.790092468E0,2.500000000E0
1.559798416E2,6.502270430E1,2.549066526E1,6.063326514E0,1.000000000E0,2.747000122E2,3.790092468E0,2.500000000E0
1.569838894E2,6.502270417E1,2.549064119E1,6.126740178E0,1.090000033E0,2.710000000E2,3.790092468E0,2.500000000E0
1.579853418E2,6.502270416E1,2.549061852E1,6.112517192E0,1.110000014E0,2.718999939E2,3.790092468E0,2.500000000E0
1.589741547E2,6.502270531E1,2.549059684E1,6.007412516E0,1.059999943E0,2.763999939E2,3.790092468E0,2.500000000E0
1.599850478E2,6.502270719E1,2.549057591E1,6.061731464E0,1.029999971E0,2.811000061E2,3.790092468E0,2.500000000E0
1.609855272E2,6.502270927E1,2.549055275E1,5.956565299E0,1.080000043E0,2.807000122E2,3.790092468E0,2.500000000E0
1.619846609E2,6.502271017E1,2.549053052E1,5.939839577E0,1.059999943E0,2.743999939E2,3.790092468E0,2.500000000E0
1.629719934E2,6.502271087E1,2.549050673E1,6.167498568E0,1.100000024E0,2.756000061E2,3.790092468E0,2.500000000E0
1.639705417E2,6.502271100E1,2.549048294E1,6.167374563E0,1.110000014E0,2.752000122E2,3.790092468E0,2.500000000E0
1.649743832E2,6.502271090E1,2.549045702E1,6.352858382E0,1.169999957E0,2.781000061E2,3.790092468E0,2.500000000E0
1.659824934E2,6.502271184E1,2.549043158E1,6.609691961E0,1.049999952E0,2.808999939E2,3.790092468E0,2.500000000E0
1.669817543E2,6.502271334E1,2.549040550E1,6.772348039E0,1.120000005E0,2.813999939E2,3.790092468E0,2.500000000E0
1.679893643E2,6.502271497E1,2.549037978E1,6.725409373E0,1.120000005E0,2.798999939E2,3.790092468E0,2.500000000E0
1.689869252E2,6.502271545E1,2.549035346E1,6.638432013E0,1.090000033E0,2.727999878E2,3.790092468E0,2.500000000E0
1.699858386E2,6.502271503E1,2.549032745E1,6.772280199E0,1.100000024E0,2.682000122E2,3.790092468E0,2.500000000E0
1.709729336E2,6.502271428E1,2.549030094E1,6.715393601E0,1.159999967E0,2.718999939E2,3.790092468E0,2.500000000E0
1.719902509E2,6.502271457E1,2.549027820E1,6.539610442E0,1.039999962E0,2.772999878E2,3.790092468E0,2.500000000E0
1.729795498E2,6.502271507E1,2.549025697E1,6.663632013E0,1.080000043E0,2.756000061E2,3.790092468E0,2.500000000E0
1.739844986E2,6.502271548E1,2.549023209E1,6.684625984E0,1.090000033E0,2.736000061E2,3.790092468E0,2.500000000E0
1.749702334E2,6.502271533E1,2.549020685E1,6.633720715E0,1.149999976E0,2.711000061E2,3.790092468E0,2.500000000E0
1.759738266E2,6.502271515E1,2.549018319E1,6.494375641E0,1.090000033E0,2.697999878E2,3.790092468E0,2.500000000E0
1.769836016E2,6.502271664E1,2.549015954E1,6.451953791E0,1.100000024E0,2.782000122E2,3.790092468E0,2.500000000E0
1.779731071E2,6.502271841E1,2.549013616E1,6.543748169E0,1.100000024E0,2.797999878E2,3.790092468E0,2.500000000E0
1.789887353E2,6.502271965E1,2.549011336E1,6.639571106E0,1.090000033E0,2.750000000E2,3.790092468E0,2.500000000E0
1.799838661E2,6.502272039E1,2.549009109E1,6.854779031E0,1.070000052E0,2.733999939E2,3.790092468E0,2.500000000E0
1.809844288E2,6.502272164E1,2.549007172E1,6.586344424E0,1.100000024E0,2.693999939E2,3.790092468E0,2.500000000E0
1.819758222E2,6.502272330E1,2.549004854E1,6.782508975E0,1.120000005E0,2.747999878E2,3.790092468E0,2.500000000E0
1.829732934E2,6.502272511E1,2.549002699E1,6.384191179E0,1.059999943E0,2.780000000E2,3.790092468E0,2.500000000E0
1.839849395E2,6.502272581E1,2.549000244E1,6.606479016E0,1.100000024E0,2.740000000E2,3.790092468E0,2.500000000E0
1.849855096E2,6.502272590E1,2.548997799E1,6.522797844E0,1.139999986E0,2.727999878E2,3.790092468E0,2.500000000E0
1.859874338E2,6.502272632E1,2.548995481E1,6.511504348E0,1.110000014E0,2.746000061E2,3.790092468E0,2.500000000E0
1.869851672E2,6.502272756E1,2.548993059E1,6.609097191E0,1.120000005E0,2.765000000E2,3.790092468E0,2.500000000E0
1.879852190E2,6.502272826E1,2.548990692E1,6.669886074E0,1.110000014E0,2.768999939E2,3.790092468E0,2.500000000E0
1.889746644E2,6.502272885E1,2.548988367E1,6.516868878E0,1.100000024E0,2.761000061E2,3.790092468E0,2.500000000E0
1.899833615E2,6.502272957E1,2.548985954E1,6.483358401E0,1.100000024E0,2.758999939E2,3.790092468E0,2.500000000E0
1.909780671E2,6.502272979E1,2.548983513E1,6.353412536E0,1.070000052E0,2.730000000E2,3.790092468E0,2.500000000E0
1.919730649E2,6.502273006E1,2.548981120E1,6.328080950E0,1.080000043E0,2.722999878E2,3.790092468E0,2.500000000E0
1.929801109E2,6.502273026E1,2.548978798E1,6.290176202E0,1.090000033E0,2.733999939E2,3.790092468E0,2.500000000E0
1.939860623E2,6.502273222E1,2.548976523E1,6.449353373E0,1.100000024E0,2.810000000E2,3.790092468E0,2.500000000E0
1.949885423E2,6.502273380E1,2.548973809E1,6.815805724E0,1.100000024E0,2.800000000E2,3.790092468E0,2.500000000E0
1.959856783E2,6.502273470E1,2.548970936E1,6.850165910E0,1.120000005E0,2.720000000E2,3.790092468E0,2.500000000E0
1.969827505E2,6.502273465E1,2.548968403E1,6.973210793E0,1.029999971E0,2.725000000E2,3.790092468E0,2.500000000E0
1.979879785E2,6.502273496E1,2.548965933E1,7.099978740E0,1.090000033E0,2.742999878E2,3.790092468E0,2.500000000E0
1.989897905E2,6.502273604E1,2.548963226E1,7.009400027E0,1.100000024E0,2.763999939E2,3.790092468E0,2.500000000E0
1.999832248E2,6.502273731E1,2.548960765E1,6.976499664E0,1.059999943E0,2.756000061E2,3.790092468E0,2.500000000E0
2.009865241E2,6.502273916E1,2.548958370E1,7.080867209E0,1.120000005E0,2.783999939E2,3.790092468E0,2.500000000E0
2.019861501E2,6.502274067E1,2.548955923E1,6.803154758E0,1.149999976E0,2.780000000E2,3.790092468E0,2.500000000E0
2.029837405E2,6.502274151E1,2.548953596E1,6.494680926E0,1.110000014E0,2.786000061E2,3.790092468E0,2.500000000E0
2.039830116E2,6.502274245E1,2.548950959E1,6.512866968E0,1.230000019E0,2.783999939E2,3.790092468E0,2.500000000E0
2.049879014E2,6.502274336E1,2.548947991E1,6.654954126E0,1.320000052E0,2.762999878E2,3.790092468E0,2.500000000E0
2.059708812E2,6.502274513E1,2.548945003E1,6.546430604E0,1.340000033E0,2.808999939E2,3.790092468E0,2.500000000E0
2.069697966E2,6.502274496E1,2.548942017E1,6.907085033E0,1.399999976E0,2.806000061E2,3.790092468E0,2.500000000E0
2.079708626E2,6.502274680E1,2.548938930E1,6.857460333E0,1.379999995E0,2.811000061E2,3.790092468E0,2.500000000E0
2.089847110E2,6.502274834E1,2.548935757E1,6.974705790E0,1.399999976E0,2.767000122E2,3.790092468E0,2.500000000E0
2.099837440E2,6.502274939E1,2.548932639E1,7.129976371E0,1.389999986E0,2.731000061E2,3.790092468E0,2.500000000E0
2.109809527E2,6.502275082E1,2.548929664E1,7.119414409E0,1.370000005E0,2.767999878E2,3.790092468E0,2.500000000E0
2.119702886E2,6.502275238E1,2.548927092E1,6.886745785E0,1.379999995E0,2.778999939E2,3.790092468E0,2.500000000E0
2.129736338E2,6.502275430E1,2.548924127E1,6.862084530E0,1.409999967E0,2.782000122E2,3.790092468E0,2.500000000E0
2.139714791E2,6.502275657E1,2.548921005E1,7.065511403E0,1.429999948E0,2.766000061E2,3.790092468E0,2.500000000E0
2.149840428E2,6.502275791E1,2.548917647E1,7.343767528E0,1.509999990E0,2.766000061E2,3.790092468E0,2.500000000E0
2.159722629E2,6.502275896E1,2.548914784E1,7.568496319E0,1.419999957E0,2.777000122E2,3.790092468E0,2.500000000E0
2.169716812E2,6.502276039E1,2.548911922E1,7.611157102E0,1.419999957E0,2.802000122E2,3.790092468E0,2.500000000E0
2.179748014E2,6.502276204E1,2.548909244E1,7.479623614E0,1.450000048E0,2.756000061E2,3.790092468E0,2.500000000E0
2.189721358E2,6.502276329E1,2.548906466E1,7.342230818E0,1.460000038E0,2.777999878E2,3.790092468E0,2.500000000E0
2.199729070E2,6.502276400E1,2.548903475E1,7.110721838E0,1.470000029E0,2.778999939E2,3.790092468E0,2.500000000E0
2.209773323E2,6.502276698E1,2.548900758E1,6.739563813E0,1.539999962E0,2.793999939E2,3.790092468E0,2.500000000E0
2.219822369E2,6.502276901E1,2.548897808E1,6.793027529E0,1.539999962E0,2.780000000E2,3.790092468E0,2.500000000E0
2.229860116E2,6.502277116E1,2.548894812E1,6.660761186E0,1.529999971E0,2.782999878E2,3.790092468E0,2.500000000E0
2.239820378E2,6.502277214E1,2.548891996E1,6.756827930E0,1.379999995E0,2.773999939E2,3.790092468E0,2.500000000E0
2.249830411E2,6.502277302E1,2.548889061E1,6.787586998E0,1.389999986E0,2.777999878E2,3.790092468E0,2.500000000E0
2.259869363E2,6.502277334E1,2.548886199E1,6.699755019E0,1.389999986E0,2.730000000E2,3.790092468E0,2.500000000E0
2.269883679E2,6.502277258E1,2.548883252E1,6.804550319E0,1.429999948E0,2.695000000E2,3.790092468E0,2.500000000E0
2.279845014E2,6.502277204E1,2.548880302E1,7.261518388E0,1.389999986E0,2.715000000E2,3.790092468E0,2.500000000E0
2.289840960E2,6.502277415E1,2.548877340E1,7.474161753E0,1.450000048E0,2.790000000E2,3.790092468E0,2.500000000E0
2.299880918E2,6.502277531E1,2.548874583E1,7.415870568E0,1.289999962E0,2.780000000E2,3.790092468E0,2.500000000E0
2.309783312E2,6.502277661E1,2.548871661E1,7.526219338E0,1.419999957E0,2.785000000E2,3.790092468E0,2.500000000E0
2.319832086E2,6.502277706E1,2.548868694E1,7.381380392E0,1.440000057E0,2.798999939E2,3.790092468E0,2.500000000E0
2.329832214E2,6.502277935E1,2.548865943E1,7.281645930E0,1.389999986E0,2.817000122E2,3.790092468E0,2.500000000E0
2.339720439E2,6.502278158E1,2.548863171E1,7.296352390E0,1.419999957E0,2.795000000E2,3.790092468E0,2.500000000E0
2.349760445E2,6.502278386E1,2.548860658E1,7.009667436E0,1.330000043E0,2.800000000E2,3.790092468E0,2.500000000E0
2.359860938E2,6.502278687E1,2.548858267E1,6.797262099E0,1.360000014E0,2.822000122E2,3.790092468E0,2.500000000E0
2.369868146E2,6.502279012E1,2.548855661E1,6.475908750E0,1.379999995E0,2.822999878E2,3.790092468E0,2.500000000E0
2.379851448E2,6.502279288E1,2.548852858E1,6.736708742E0,1.450000048E0,2.833999939E2,3.790092468E0,2.500000000E0
2.389715651E2,6.502279554E1,2.548849999E1,6.872997008E0,1.440000057E0,2.836000061E2,3.790092468E0,2.500000000E0
2.399852156E2,6.502279764E1,2.548847293E1,7.173226028E0,1.419999957E0,2.867999878E2,3.790092468E0,2.500000000E0
2.409852544E2,6.502280059E1,2.548844652E1,7.393742877E0,1.330000043E0,2.890000000E2,3.790092468E0,2.500000000E0
2.419721007E2,6.502280281E1,2.548841927E1,7.608583655E0,1.360000014E0,2.867000122E2,3.790092468E0,2.500000000E0
2.429821767E2,6.502280687E1,2.548839332E1,8.050535683E0,1.360000014E0,2.932000122E2,3.790092468E0,2.500000000E0
2.439853957E2,6.502281199E1,2.548836981E1,8.126703827E0,1.340000033E0,3.033999939E2,3.790092468E0,2.500000000E0
2.449840252E2,6.502281936E1,2.548835114E1,8.382253861E0,1.320000052E0,3.166000061E2,3.790092468E0,2.500000000E0
2.459788217E2,6.502282785E1,2.548833289E1,8.590501274E0,1.399999976E0,3.202000122E2,3.790092468E0,2.500000000E0
2.469861924E2,6.502283777E1,2.548831681E1,8.450786914E0,1.490000010E0,3.221000061E2,3.790092468E0,2.500000000E0
2.479819231E2,6.502284778E1,2.548830403E1,8.312110380E0,1.419999957E0,3.311000061E2,3.790092468E0,2.500000000E0
2.489865266E2,6.502285800E1,2.548829061E1,8.114351687E0,1.350000024E0,3.338999939E2,3.790092468E0,2.500000000E0
2.499876407E2,6.502286966E1,2.548827479E1,8.396267573E0,1.429999948E0,3.332000122E2,3.790092468E0,2.500000000E0
2.509875377E2,6.502288169E1,2.548826320E1,8.487753972E0,1.460000038E0,3.377000122E2,3.790092468E0,2.500000000E0
2.519905593E2,6.502289368E1,2.548825549E1,8.718034639E0,1.450000048E0,3.457999878E2,3.790092468E0,2.500000000E0
2.529831610E2,6.502290604E1,2.548824468E1,8.271984358E0,1.360000014E0,3.462999878E2,3.790092468E0,2.500000000E0
2.539817869E2,6.502291948E1,2.548823606E1,8.263677999E0,1.480000019E0,3.462999878E2,3.790092468E0,2.500000000E0
2.549733658E2,6.502293245E1,2.548823197E1,8.350220804E0,1.379999995E0,3.503999939E2,3.790092468E0,2.500000000E0
2.559869538E2,6.502294536E1,2.548823139E1,8.432613519E0,1.360000014E0,3.522999878E2,3.790092468E0,2.500000000E0
2.569828750E2,6.502295794E1,2.548823805E1,8.327690036E0,1.370000005E0,1.299999952E0,3.790092468E0,2.500000000E0
2.579827004E2,6.502297058E1,2.548824729E1,8.503833631E0,1.470000029E0,1.030000019E1,3.790092468E0,2.500000000E0
2.589980234E2,6.502298203E1,2.548825408E1,8.024704027E0,1.259999990E0,1.480000019E1,3.790092468E0,2.500000000E0
2.599851278E2,6.502299300E1,2.548826607E1,7.669232238E0,1.330000043E0,2.629999924E1,3.790092468E0,2.500000000E0
2.609875276E2,6.502300410E1,2.548827949E1,7.429727313E0,1.429999948E0,2.100000000E1,3.790092468E0,2.500000000E0
2.619780101E2,6.502301572E1,2.548829334E1,7.171911686E0,1.440000057E0,2.329999924E1,3.790092468E0,2.500000000E0
2.629867042E2,6.502302779E1,2.548830406E1,6.946200138E0,1.470000029E0,2.029999924E1,3.790092468E0,2.500000000E0
2.639856153E2,6.502303918E1,2.548831433E1,6.615081088E0,1.389999986E0,1.850000000E1,3.790092468E0,2.500000000E0
2.649883928E2,6.502305105E1,2.548832754E1,6.384853211E0,1.419999957E0,2.010000038E1,3.790092468E0,2.500000000E0
2.659846545E2,6.502306357E1,2.548834066E1,6.249168547E0,1.399999976E0,1.870000076E1,3.790092468E0,2.500000000E0
2.669881103E2,6.502307561E1,2.548834933E1,6.086200988E0,1.389999986E0,1.569999981E1,3.790092468E0,2.500000000E0
2.679709692E2,6.502308827E1,2.548835618E1,5.985672024E0,1.429999948E0,1.139999962E1,3.790092468E0,2.500000000E0
2.689856718E2,6.502310152E1,2.548836373E1,6.208446124E0,1.409999967E0,1.539999962E1,3.790092468E0,2.500000000E0
2.699860382E2,6.502311350E1,2.548837199E1,6.076362345E0,1.429999948E0,1.800000000E1,3.790092468E0,2.500000000E0
2.709838759E2,6.502312575E1,2.548838045E1,5.905399089E0,1.509999990E0,1.660000038E1,3.790092468E0,2.500000000E0
2.719866210E2,6.502313768E1,2.548839054E1,5.837158247E0,1.519999981E0,1.750000000E1,3.790092468E0,2.500000000E0
2.729821834E2,6.502314875E1,2.548839932E1,5.726620251E0,1.460000038E0,1.989999962E1,3.790092468E0,2.500000000E0
2.739860787E2,6.502315977E1,2.548841439E1,5.459039317E0,1.419999957E0,2.360000038E1,3.790092468E0,2.500000000E0
2.749866979E2,6.502317186E1,2.548842550E1,4.996633460E0,1.480000019E0,1.539999962E1,3.790092468E0,2.500000000E0
2.759859937E2,6.502318357E1,2.548843340E1,4.958543892E0,1.450000048E0,1.569999981E1,3.790092468E0,2.500000000E0
2.769877416E2,6.502319493E1,2.548844362E1,4.529951707E0,1.409999967E0,1.500000000E1,3.790092468E0,2.500000000E0
2.779708168E2,6.502320691E1,2.548845626E1,4.255229118E0,1.429999948E0,1.810000038E1,3.790092468E0,2.500000000E0
2.789797743E2,6.502321856E1,2.548846927E1,4.100257655E0,1.399999976E0,1.739999962E1,3.790092468E0,2.500000000E0
2.799867672E2,6.502323200E1,2.548847848E1,3.834933676E0,1.409999967E0,1.089999962E1,3.790092468E0,2.500000000E0
2.809862611E2,6.502324583E1,2.548848845E1,3.657683346E0,1.480000019E0,1.239999962E1,3.790092468E0,2.500000000E0
2.819735561E2,6.502325809E1,2.548849914E1,3.624842825E0,1.419999957E0,1.720000076E1,3.790092468E0,2.500000000E0
2.829848262E2,6.502326957E1,2.548851109E1,3.493430911E0,1.419999957E0,2.220000076E1,3.790092468E0,2.500000000E0
2.839848819E2,6.502327970E1,2.548852577E1,3.656636406E0,1.389999986E0,2.879999924E1,3.790092468E0,2.500000000E0
2.849851066E2,6.502329110E1,2.548853960E1,3.447587953E0,1.360000014E0,3.459999847E1,3.790092468E0,2.500000000E0
2.859891280E2,6.502330121E1,2.548856122E1,3.196670475E0,1.379999995E0,4.740000153E1,3.790092468E0,2.500000000E0
2.869861465E2,6.502331317E1,2.548858120E1,3.158154536E0,1.490000010E0,4.229999924E1,3.790092468E0,2.500000000E0
2.879899487E2,6.502332330E1,2.548860384E1,3.004893383E0,1.460000038E0,4.629999924E1,3.790092468E0,2.500000000E0
2.889736141E2,6.502333423E1,2.548862204E1,3.070991935E0,1.450000048E0,4.350000000E1,3.790092468E0,2.500000000E0
2.899863430E2,6.502334413E1,2.548864374E1,2.887701494E0,1.470000029E0,4.690000153E1,3.790092468E0,2.500000000E0
2.909884218E2,6.502335358E1,2.548866787E1,2.810429477E0,1.500000000E0,4.990000153E1,3.790092468E0,2.500000000E0
2.919879557E2,6.502336469E1,2.548868723E1,2.775453840E0,1.470000029E0,3.659999847E1,3.790092468E0,2.500000000E0
2.929715400E2,6.502337569E1,2.548870385E1,3.117187008E0,1.450000048E0,3.420000076E1,3.790092468E0,2.500000000E0
2.939880890E2,6.502338624E1,2.548871811E1,3.309933335E0,1.440000057E0,3.050000000E1,3.790092468E0,2.500000000E0
2.949874143E2,6.502339729E1,2.548873230E1,3.335382111E0,1.389999986E0,2.850000000E1,3.790092468E0,2.500000000E0
2.959851053E2,6.502340806E1,2.548874773E1,3.351065464E0,1.409999967E0,3.440000153E1,3.790092468E0,2.500000000E0
2.969787346E2,6.502341897E1,2.548876388E1,3.182239546E0,1.450000048E0,3.479999924E1,3.790092468E0,2.500000000E0
2.979885751E2,6.502343084E1,2.548878059E1,3.322129145E0,1.509999990E0,3.809999847E1,3.790092468E0,2.500000000E0
2.989855303E2,6.502344176E1,2.548880317E1,3.017073270E0,1.500000000E0,4.800000000E1,3.790092468E0,2.500000000E0
2.999857543E2,6.502345039E1,2.548882900E1,3.079328058E0,1.529999971E0,5.870000076E1,3.790092468E0,2.500000000E0
3.009854469E2,6.502345730E1,2.548885647E1,3.242657821E0,1.539999962E0,6.750000000E1,3.790092468E0,2.500000000E0
3.019853370E2,6.502346193E1,2.548889070E1,3.039350771E0,1.559999943E0,7.850000000E1,3.790092468E0,2.500000000E0
3.029870844E2,6.502346308E1,2.548892204E1,2.821274246E0,1.480000019E0,8.850000000E1,3.790092468E0,2.500000000E0
3.039827673E2,6.502346451E1,2.548895252E1,3.367296672E0,1.470000029E0,9.480000305E1,3.790092468E0,2.500000000E0
3.049869038E2,6.502346495E1,2.548898545E1,3.415822096E0,1.500000000E0,9.359999847E1,3.790092468E0,2.500000000E0
3.059926341E2,6.502346421E1,2.548901867E1,3.266288889E0,1.490000010E0,9.380000305E1,3.790092468E0,2.500000000E0
3.069866068E2,6.502346439E1,2.548905390E1,2.895380998E0,1.539999962E0,9.219999695E1,3.790092468E0,2.500000000E0
3.079745117E2,6.502346473E1,2.548908713E1,2.732541735E0,1.490000010E0,9.200000000E1,3.790092468E0,2.500000000E0
3.089859510E2,6.502346340E1,2.548912012E1,2.646912533E0,1.490000010E0,9.519999695E1,3.790092468E0,2.500000000E0
3.099840970E2,6.502346363E1,2.548915157E1,2.512332446E0,1.450000048E0,8.859999847E1,3.790092468E0,2.500000000E0
3.109854339E2,6.502346609E1,2.548918225E1,2.336186545E0,1.500000000E0,8.350000000E1,3.790092468E0,2.500000000E0
3.119902126E2,6.502346821E1,2.548921229E1,2.137701850E0,1.490000010E0,8.159999847E1,3.790092468E0,2.500000000E0
3.129809451E2,6.502347065E1,2.548924472E1,2.043038031E0,1.490000010E0,8.200000000E1,3.790092468E0,2.500000000E0
3.139748476E2,6.502347330E1,2.548927699E1,1.979990334E0,1.539999962E0,8.169999695E1,3.790092468E0,2.500000000E0
3.149867178E2,6.502347370E1,2.548931025E1,1.596386892E0,1.529999971E0,8.459999847E1,3.790092468E0,2.500000000E0
3.159838160E2,6.502347508E1,2.548934373E1,1.714186921E0,1.559999943E0,7.780000305E1,3.790092468E0,2.500000000E0
3.169863915E2,6.502347664E1,2.548937731E1,1.857743729E0,1.590000033E0,7.919999695E1,3.790092468E0,2.500000000E0
3.179847466E2,6.502347803E1,2.548940961E1,1.948138875E0,1.519999981E0,8.009999847E1,3.790092468E0,2.500000000E0
3.189896184E2,6.502347987E1,2.548944136E1,1.854146606E0,1.509999990E0,8.290000153E1,3.790092468E0,2.500000000E0
3.199845168E2,6.502348141E1,2.548947304E1,1.971275047E0,1.490000010E0,8.069999695E1,3.790092468E0,2.500000000E0
3.209709837E2,6.502348393E1,2.548950235E1,1.901940540E0,1.370000005E0,7.990000153E1,3.790092468E0,2.500000000E0
